1,0,001 STAGE PIANO,DSP,4
3,0,002 GRAND PIANO,,4
1,1,003 BRIGHT PIANO,DSP,4
2,0,004 MELLOW PIANO,DSP,4
39,0,005 AMBIENT PIANO,DSP,4
32,0,006 POP PIANO,DSP,4
2,1,007 ROCK PIANO,DSP,4
3,1,008 DANCE PIANO,DSP,4
4,1,009 LA PIANO,,4
33,0,010 TACK PIANO,,4
4,0,011 MONO PIANO,,4
32,3,012 HONKY-TONK 1,,4
34,3,013 HONKY-TONK 2,DSP,4
33,3,014 OCTAVE PIANO 1,,4
35,3,015 OCTAVE PIANO 2,,4
5,0,016 GRAND PIANO WIDE,,4
34,0,017 STRINGS PIANO,,4
35,0,018 PIANO PAD,,4
36,0,019 MODULATED PIANO,DSP,4
37,0,020 VOICE PIANO,,4
38,0,021 NEW AGE PIANO,DSP,4
34,2,022 AMP E.GRAND,DSP,4
32,2,023 ELEC.GRAND PIANO,,4
33,2,024 MODERN E.G.PIANO,,4
1,6,025 HARPSICHORD 1,,4
32,6,026 HARPSICHORD 2,,4
33,6,027 COUPLED HARPSICHORD,DSP,4
35,6,028 AMBIENT HARPSICHORD,DSP,4
32,5,029 GALAXIA EP,,4
32,4,030 DYNAMIC EP,,4
33,5,031 LUCENT EP,DSP,4
1,4,032 ELEC.PIANO 1,DSP,4
2,4,033 ELEC.PIANO 2,DSP,4
3,4,034 ELEC.PIANO 3,DSP,4
4,4,035 ELEC.PIANO 4,,4
34,5,036 ELEC.PIANO 5,,4
5,4,037 ELEC.PIANO 6,,4
35,4,038 AMP 60’S E.PIANO,DSP,4
6,4,039 60’S E.PIANO,DSP,4
36,4,040 AMP E.PIANO 1,DSP,4
37,4,041 AMP E.PIANO 2,DSP,4
33,4,042 DYNO E.PIANO,DSP,4
1,5,043 DIGITAL E.PIANO 1,,4
2,5,044 DIGITAL E.PIANO 2,,4
3,5,045 DIGITAL E.PIANO 3,,4
7,4,046 PHASER E.PIANO,DSP,4
8,4,047 E.PIANO WIDE,,4
9,4,048 MELLOW E.PIANO,,4
38,4,049 WAH E.PIANO,DSP,4
39,4,050 CRUNCH E.PIANO,DSP,4
40,4,051 DIZZY E.PIANO,DSP,4
34,4,052 E.PIANO PAD,,4
34,7,053 AMP CLAVI,DSP,4
1,7,054 CLAVI 1,,4
32,7,055 CLAVI 2,,4
2,7,056 CLAVI 3,,4
33,7,057 CLAVI 4,,4
3,7,058 CLAVI 5,,4
32,11,059 AMBIENT VIBRAPHONE,DSP,4
1,11,060 VIBRAPHONE 1,DSP,4
2,11,061 VIBRAPHONE 2,,4
3,11,062 VIBRAPHONE WIDE,,4
32,12,063 MARIMBA,,4
1,13,064 XYLOPHONE,,4
1,8,065 CELESTA,,5
1,9,066 GLOCKENSPIEL,,5
32,10,067 MUSIC BOX,,5
33,10,068 ORGEL,DSP,4
32,14,069 TUBULAR BELL,,4
33,14,070 CHURCH BELLS,DSP,4
32,17,071 JS ORGAN,DSP,4
32,16,072 RTF FD ORGAN,DSP,4
32,18,073 ROCK OD ORGAN,DSP,4
5,16,074 TREMOLO ORGAN,DSP,4
4,16,075 DP ORGAN,DSP,4
33,17,076 JAZZ ORGAN 1,DSP,4
34,17,077 JAZZ ORGAN 2,DSP,4
1,16,078 ELEC.ORGAN 1,DSP,4
2,16,079 ELEC.ORGAN 2,DSP,4
33,16,080 ELEC.ORGAN 3,DSP,4
34,16,081 ELEC.ORGAN 4,DSP,4
35,16,082 ELEC.ORGAN 5,DSP,4
1,17,083 PERC.ORGAN 1,DSP,4
35,17,084 PERC.ORGAN 2,DSP,4
38,17,085 GOSPEL ORGAN,DSP,4
3,16,086 FULL DRAWBAR,DSP,4
1,18,087 ROCK ORGAN 1,DSP,4
2,18,088 ROCK ORGAN 2,DSP,4
37,17,089 CLICK ORGAN,DSP,4
36,17,090 70’S ORGAN,DSP,4
6,16,091 ORGAN PAD,,4
32,19,092 PIPE ORGAN 1,,4
33,19,093 PIPE ORGAN 2,,4
2,19,094 PIPE ORGAN 3,,4
34,19,095 CHAPEL ORGAN,,4
1,19,096 THEATER ORGAN,,4
39,17,097 PERC.ORGAN 3,DSP,4
36,16,098 ELEC.ORGAN 6,DSP,4
37,16,099 AMP ORGAN 1,DSP,4
38,16,100 AMP ORGAN 2,DSP,4
35,19,101 ORGAN FLUTE,,4
33,20,102 PUFF ORGAN,,4
32,21,103 ACCORDION FRENCH 1,,4
33,21,104 ACCORDION FRENCH 2,,4
34,21,105 ACCORDION FRENCH 3,,4
1,21,106 ACCORDION ITALY 1,,4
35,21,107 ACCORDION ITALY 2,,4
2,21,108 ACCORDION,,4
32,23,109 BANDONEON,,4
1,23,110 BANDONEON SOLO,,4
32,22,111 HARMONICA 1,,4
33,22,112 HARMONICA 2,DSP,4
32,24,113 NYLON GUITAR VELO.SLIDE,,4
32,25,114 STEEL GUITAR VELO.SLIDE,,4
1,24,115 NYLON STR.GUITAR 1,,4
2,24,116 NYLON STR.GUITAR 2,,4
4,24,117 NYLON STR.GUITAR 3,DSP,4
1,25,118 STEEL STR.GUITAR 1,,4
2,25,119 STEEL STR.GUITAR 2,,4
3,25,120 STEEL STR.GUITAR 3,,4
4,25,121 STEEL STR.GUITAR 4,,4
5,25,122 12 STR.GUITAR,,4
1,26,123 JAZZ GUITAR 1,,4
32,26,124 JAZZ GUITAR 2,,4
2,26,125 OD OCT JAZZ GUITAR,DSP,4
3,26,126 CRUNCH JAZZ GUITAR,DSP,4
32,27,127 CLEAN GUITAR 1,DSP,4
1,27,128 CLEAN GUITAR 2,DSP,4
2,27,129 CLEAN GUITAR 3,DSP,4
3,27,130 CLEAN GUITAR 4,,4
4,27,131 CLEAN GUITAR 5,,4
33,27,132 CLEAN GUITAR 6,,4
7,27,133 CLEAN GUITAR 7,,4
5,27,134 CHORUS CLEAN GUITAR 1,DSP,4
6,27,135 CHORUS CLEAN GUITAR 2,,4
34,27,136 WAH CLEAN GUITAR,DSP,4
3,29,137 CRUNCH ELEC.GUITAR 1,DSP,4
32,29,138 CRUNCH ELEC.GUITAR 2,DSP,4
8,27,139 CRUNCH ELEC.GUITAR 3,,4
4,29,140 CHORUS CRUNCH GUITAR,DSP,4
1,28,141 MUTE GUITAR,,4
2,28,142 CRUNCH MUTE GUITAR,DSP,4
5,28,143 OVERDRIVE MUTE GT,,4
3,28,144 PHASER MUTE GUITAR,DSP,4
4,28,145 AMBIENT MUTE GUITAR,DSP,4
5,29,146 HUM BLUES GUITAR,DSP,4
1,29,147 OVERDRIVE GUITAR 1,DSP,4
2,29,148 OVERDRIVE GUITAR 2,,4
6,29,149 LFO WAH OD GUITAR,DSP,4
33,29,150 WAH OD GUITAR,DSP,4
34,29,151 CRY OD GUITAR,DSP,4
35,29,152 FLANGER OD GUITAR,DSP,4
1,30,153 DISTORTION GT 1,DSP,4
2,30,154 DISTORTION GT 2,DSP,4
3,30,155 DISTORTION GT 3,DSP,4
5,30,156 DISTORTION GT 4,,4
4,30,157 WAH DIST GUITAR,DSP,4
36,29,158 PHASER DRIVE GUITAR,DSP,4
37,29,159 VINTAGE OD GUITAR,DSP,4
35,30,160 AMP GUITAR 1,DSP,4
36,30,161 AMP GUITAR 2,DSP,4
32,30,162 METAL AMBIENT GUITAR,DSP,4
33,30,163 FRONT DRIVE GUITAR,DSP,4
35,27,164 UPPER OCT GUITAR,DSP,4
40,29,165 C+R CRUNCH GUITAR,DSP,4
34,30,166 OCT METAL GUITAR,DSP,4
40,25,167 MANDOLIN,,4
3,24,168 UKULELE,,4
8,24,169 VERSATILE NYLON GUITAR,,4
8,25,170 VERSATILE STEEL GUITAR,,4
9,27,171 VERSATILE SINGLE COIL E.GUITAR,,4
1,32,172 ACOUSTIC BASS 1,,3
6,33,173 FINGERED BASS 1,,3
5,33,174 FINGERED BASS 2,,3
33,33,175 FINGERED BASS VELO.SLAP 1,,3
32,33,176 FINGERED BASS VELO.SLAP 2,,3
1,36,177 SLAP BASS 1,,3
5,36,178 FINGER SLAP BASS 1,,3
39,33,179 CHORUS FINGERED BASS 1,DSP,3
40,33,180 PHASER FINGERED BASS,DSP,3
38,33,181 AMP FINGERED BASS,DSP,3
36,33,182 WAH FINGERED BASS 1,DSP,3
36,36,183 WAH SLAP BASS 1,DSP,3
3,39,184 SYNTH-BASS 1,,3
32,32,185 ACOUSTIC BASS 2,DSP,3
33,32,186 RIDE BASS,,3
1,33,187 FINGERED BASS 3,,3
2,33,188 FINGERED BASS 4,,3
3,33,189 FINGERED BASS 5,,3
4,33,190 FINGERED BASS 6,,3
7,33,191 FINGERED BASS 7,,3
8,33,192 CHORUS FINGERED BASS 2,DSP,3
9,33,193 WAH FINGERED BASS 2,DSP,3
1,34,194 PICKED BASS 1,,3
2,34,195 PICKED BASS 2,,3
5,34,196 MUTE PICKED BASS,,3
32,36,197 SLAP BASS 2,,3
2,36,198 SLAP BASS 3,,3
33,36,199 CHORUS SLAP BASS,,3
3,36,200 AMP SLAP BASS,DSP,3
34,36,201 WAH SLAP BASS 2,DSP,3
32,35,202 FRETLESS BASS,,3
33,35,203 CHORUS FRETLESS BASS,DSP,3
34,35,204 AMP FRETLESS BASS,DSP,3
4,36,205 FINGER SLAP BASS 2,,3
35,36,206 FINGER SLAP BASS 3,,3
6,38,207 SYNTH-BASS 2,DSP,3
1,38,208 SYNTH-BASS 3,,3
2,38,209 SYNTH-BASS 4,,3
1,39,210 SYNTH-BASS 5,,3
2,39,211 SYNTH-BASS 6,,3
32,38,212 SYNTH-BASS 7,DSP,3
33,39,213 SYNTH-BASS 8,,3
4,39,214 SYNTH-BASS 9,,3
5,39,215 SYNTH-BASS 10,,3
4,38,216 SYNTH-BASS 11,,3
5,38,217 SYNTH-BASS 12,,3
6,39,218 SYNTH-BASS 13,,3
7,39,219 ORGAN BASS,,4
10,33,220 VERSATILE ELECTRIC BASS 1,,3
24,33,221 VERSATILE ELECTRIC BASS 2,,3
32,48,222 STEREO STRINGS,DSP,4
1,49,223 MELLOW STRINGS 1,,4
1,48,224 MELLOW STRINGS 2,,4
2,49,225 BRIGHT STRINGS 1,,4
38,48,226 BRIGHT STRINGS 2,DSP,4
3,48,227 STRINGS,,4
37,49,228 SLOW STEREO STRINGS,DSP,4
2,48,229 SLOW STRINGS 1,DSP,4
32,49,230 SLOW STRINGS 2,,4
4,48,231 STRING ENSEMBLE,,4
5,48,232 WARM STRINGS,,4
32,45,233 PIZZICATO STRINGS,,4
33,48,234 CHAMBER,,4
34,48,235 OCTAVE STRINGS,,4
4,55,236 ORCHESTRA HIT 1,,4
32,55,237 ORCHESTRA HIT 2,,4
33,55,238 ORCHESTRA HIT 3,DSP,4
36,48,239 BRASS & STRINGS,DSP,4
32,40,240 SOLO VIOLIN,,4
33,40,241 VIOLIN,,4
34,40,242 SLOW VIOLIN,,4
32,41,243 VIOLA,,4
32,42,244 CELLO,,3
33,42,245 SLOW CELLO,,3
32,43,246 CONTRABASS,,3
32,46,247 HARP 1,,4
34,46,248 HARP 2,DSP,4
6,48,249 VIOLIN SECTION,,4
37,48,250 STRING QUARTET,,4
3,49,251 HARP & STRINGS,,4
1,61,252 STEREO BRASS,DSP,4
1,56,253 SOLO TRUMPET,,4
32,62,254 SYNTH-BRASS 1,,4
2,61,255 BRASS,,4
3,61,256 BRASS SECTION 1,,4
4,61,257 BRASS SECTION 2,,4
37,61,258 BRASS SECTION 3,,4
38,61,259 AMBIENT BRASS,DSP,4
32,61,260 BIG BAND BRASS,,4
5,61,261 HARD BRASS,,4
33,61,262 BRASS SFZ,,4
34,61,263 BRASS VELO.FALL,,4
35,61,264 BRASS VELO.SHAKE,,4
36,61,265 BRASS VELO.GLISSANDO,,4
33,62,266 SYNTH-BRASS 2,,4
1,62,267 SYNTH-BRASS 3,,4
34,62,268 SYNTH-BRASS 4,,4
37,62,269 SYNTH-BRASS 5,DSP,4
35,62,270 WARM SYNTH-BRASS 1,,4
38,62,271 WARM SYNTH-BRASS 2,DSP,4
36,62,272 ANALOG SYNTH-BRASS,,4
2,62,273 80’S SYNTH-BRASS,,4
32,63,274 TRANCE BRASS,,4
32,56,275 TRUMPET 1,DSP,4
2,56,276 TRUMPET 2,,4
36,56,277 TRUMPET 3,DSP,4
3,56,278 MELLOW TRUMPET,,4
1,59,279 MUTE TRUMPET,,4
33,56,280 AMBIENT TRUMPET,DSP,4
32,57,281 TROMBONE,,3
33,57,282 JAZZ TROMBONE,,3
32,60,283 FRENCH HORN,,4
1,60,284 FRENCH HORN SECTION,,4
32,58,285 TUBA,,2
39,61,286 TRUMPET & TROMBONE & SAX,,4
8,61,287 VERSATILE BRASS 1,,4
9,61,288 VERSATILE BRASS 2,,4
1,66,289 SOLO TENOR SAX,,3
32,65,290 SOLO ALTO SAX,,4
36,65,291 VELO.ALTO SAX,,4
33,65,292 BREATHY ALTO SAX,DSP,4
32,64,293 SOLO SOPRANO SAX,,4
35,64,294 VELO.SOPRANO SAX,,4
34,64,295 BREATHY S.SAX,,4
37,65,296 ALTO SAX GROWL,,4
32,68,297 SOLO OBOE,,4
32,70,298 SOLO BASSOON,,3
39,65,299 ALTO SAX 1,DSP,4
1,65,300 ALTO SAX 2,DSP,4
2,66,301 TENOR SAX,DSP,3
3,66,302 BREATHY TENOR SAX,DSP,3
36,64,303 SOPRANO SAX 1,,4
33,64,304 SOPRANO SAX 2,,4
1,67,305 BARITONE SAX,,3
38,65,306 AMBIENT SAX 1,DSP,4
33,67,307 AMBIENT SAX 2,DSP,3
2,65,308 HARD ALTO SAX,,4
4,66,309 TENOR SAXYS,,4
40,65,310 SAX SECTION 1,,4
41,65,311 SAX SECTION 2,,4
32,71,312 CLARINET,,4
1,71,313 VELO.CLARINET,,4
1,68,314 OBOE,,4
32,69,315 ENGLISH HORN,,4
33,70,316 BASSOON,,3
32,73,317 SOLO FLUTE 1,,4
33,73,318 SOLO FLUTE 2,,4
1,73,319 FLUTE 1,,4
36,73,320 FLUTE 2,,4
2,73,321 JAZZ FLUTE 1,,4
37,73,322 JAZZ FLUTE 2,DSP,4
32,72,323 PICCOLO,,5
32,74,324 RECORDER,,4
32,75,325 PAN FLUTE 1,,4
33,75,326 PAN FLUTE 2,,4
32,76,327 BOTTLE BLOW,,4
1,78,328 WHISTLE,,4
32,79,329 OCARINA,,4
32,77,330 SHAKUHACHI,,4
33,72,331 PIPE SECTION,,4
38,73,332 FLUTE & OBOE,,4
16,81,333 SUPER SAW LEAD 1,,4
17,81,334 SUPER SAW LEAD 2,DSP,4
18,81,335 TRANCE POLY LEAD,,4
38,81,336 TRANCE PLUCK,DSP,4
39,81,337 PROGRESSIVE PLUCK,DSP,4
40,81,338 SAW PLUCK,DSP,4
38,80,339 DIRTY PLUCK,DSP,4
43,81,340 POP LEAD,,4
44,81,341 HOUSE CHORD SYNTH,DSP,4
19,81,342 POPULAR PLUCK 1,DSP,4
20,81,343 POPULAR PLUCK 2,DSP,4
16,85,344 VOCAL CHOP SYNTH 1,,4
17,85,345 VOCAL CHOP SYNTH 2,,4
45,81,346 DSP MODULATED SYNTH 1,DSP,4
46,81,347 DSP MODULATED SYNTH 2,DSP,4
47,81,348 DSP MODULATED SYNTH 3,DSP,4
7,81,349 X SYNTH LEAD 1,,4
36,80,350 X SYNTH LEAD 2,,4
32,81,351 X SYNTH LEAD 3,DSP,4
37,80,352 X SYNTH LEAD 4,,4
33,81,353 X SYNTH LEAD 5,,4
6,80,354 X SYNTH LEAD 6,,4
3,80,355 VA SYNTH 1,,4
4,80,356 VA SYNTH 2,,4
5,80,357 VA SYNTH 3,,4
10,81,358 VA SYNTH SEQ-BASS 1,,4
11,81,359 VA SYNTH SEQ-BASS 2,,4
12,81,360 VA SYNTH SEQ-BASS 3,,3
13,81,361 VA SYNTH SEQUENCE 1,,3
14,81,362 VA SYNTH SEQUENCE 2,,4
8,96,363 EDM KICK & BASS,,4
36,96,364 EDM LEAD SYNTH,,4
10,97,365 EDM PER SYNTH,,4
9,96,366 EDM LAZER 1,,4
10,96,367 EDM LAZER 2,,4
11,96,368 EDM THEME SYNTH 1,,4
34,96,369 EDM THEME SYNTH 2,,4
8,97,370 EDM THEME HIT,,4
12,96,371 EDM BRASS HIT,,5
9,97,372 EDM BASS,,3
13,96,373 EDM SE BEND,,4
14,96,374 EDM SE VOX SYNTH,,4
15,96,375 EDM SE WHITE,,4
35,96,376 EDM SE,,4
1,81,377 SAW LEAD 1,,4
2,81,378 SAW LEAD 2,DSP,4
3,81,379 SAW LEAD 3,,4
4,81,380 MELLOW SAW LEAD,,4
5,81,381 PULSE SAW LEAD,,4
6,81,382 TRANCE LEAD,,4
34,81,383 SS LEAD,,4
32,80,384 SQUARE LEAD 1,,4
41,80,385 SQUARE LEAD 2,DSP,4
1,80,386 SLOW SQUARE LEAD,,4
42,80,387 PHASER SQUARE LEAD,DSP,4
33,80,388 PULSE LEAD 1,,4
43,80,389 PULSE LEAD 2,,4
34,80,390 SQUARE PULSE LEAD,,4
2,80,391 SINE LEAD,,4
44,80,392 VELO.SINE LEAD,,4
8,80,393 SYNTH SEQUENCE,,4
15,81,394 SEQUENCE SAW,,4
7,80,395 SEQUENCE SINE,,4
9,80,396 8BIT ARPEGGIO 1,,4
45,80,397 8BIT ARPEGGIO 2,,4
35,80,398 8BIT WAVE,,4
8,81,399 SAW ARPEGGIO 1,,4
9,81,400 SAW ARPEGGIO 2,,4
48,81,401 DSP MODULATED LEAD 1,DSP,4
49,81,402 DSP MODULATED LEAD 2,DSP,4
50,81,403 DSP MODULATED LEAD 3,DSP,4
32,82,404 VENT LEAD,,4
32,85,405 CHURCH LEAD,,4
34,85,406 DOUBLE VOICE LEAD,,4
1,85,407 SYNTH-VOICE LEAD,,4
32,86,408 FIFTH LEAD,,4
33,86,409 FIFTH SAW LEAD,,4
34,86,410 FIFTH SQUARE LEAD,,4
35,86,411 FOURTH LEAD,,4
36,86,412 SEVENTH SEQUENCE,,4
32,87,413 BASS+LEAD,,4
33,87,414 SYNTH-BASS+LEAD,,4
34,87,415 REED LEAD,,4
41,81,416 G FUNK LEAD,,4
39,80,417 HOP LEAD,,4
40,80,418 HIP LEAD,,4
35,81,419 WIRE LEAD,,4
36,81,420 FIRE WIRE,,4
32,51,421 SYNTH-STRINGS 1,DSP,4
33,51,422 DIGITAL SYNTH-STR.1,DSP,4
4,88,423 PROGRESSIVE VOICE,DSP,4
6,90,424 SUPER SAW PAD,,4
5,88,425 OLD TAPE PAD,DSP,4
33,88,426 FANTASIA,DSP,4
32,88,427 XENON PAD,DSP,4
33,97,428 HOUSE CHORD PAD,DSP,4
36,90,429 DSP MODULATED PAD 1,DSP,4
37,90,430 DSP MODULATED PAD 2,DSP,4
38,90,431 DSP MODULATED PAD 3,DSP,4
32,90,432 X SYNTH PAD 1,DSP,4
33,90,433 X SYNTH PAD 2,DSP,4
34,90,434 X SYNTH PAD 3,,4
1,50,435 SYNTH-STRINGS 2,,4
2,50,436 SYNTH-STRINGS 3,,4
3,50,437 70’S SYNTH-STR.1,,4
32,50,438 70’S SYNTH-STR.2,,4
33,50,439 80’S SYNTH-STR.1,,4
34,50,440 80’S SYNTH-STR.2,,4
4,50,441 DIGITAL SYNTH-STR.2,DSP,4
5,50,442 FAST SYNTH-STRINGS,,4
35,50,443 SLOW SYNTH-STRINGS,,4
35,51,444 OCTAVE SYNTH-STRINGS,,4
1,88,445 FANTASY,,4
2,88,446 NEW AGE,,4
1,89,447 WARM PAD,,4
2,89,448 FAT SAW PAD,,4
3,89,449 SOFT PAD,,4
35,90,450 POLYSYNTH PAD,DSP,4
1,90,451 SYNTH-PAD,,4
2,90,452 VA SYNTH-PAD,DSP,4
3,90,453 POLY SAW,,4
4,90,454 BRIGHT SAW PAD 1,,4
5,90,455 BRIGHT SAW PAD 2,,4
32,92,456 GLASS PAD,,4
33,92,457 BOTTLE PAD,,4
32,93,458 ETHNIC PAD,,4
1,95,459 SWEEP PAD,,4
32,96,460 WOOD PAD,,4
1,97,461 SOUND TRACK,,4
32,98,462 VIBRAPHONE BELL,,4
1,99,463 ATMOSPHERE PAD,,4
32,99,464 STEEL PAD,,4
1,100,465 BRIGHTNESS,,4
2,100,466 BRIGHT BELL PAD,,4
1,103,467 SPACE PAD,,4
3,88,468 EDM PAD,DSP,4
34,52,469 DSP MODULATED VOICE 1,DSP,4
35,52,470 DSP MODULATED VOICE 2,DSP,4
37,52,471 DSP MODULATED VOICE 3,DSP,4
1,52,472 CHOIR AAHS,,4
33,52,473 STRINGS VOICE,,4
32,52,474 SLOW CHOIR,,4
32,53,475 VOICE DOO,,4
33,53,476 VOICE UUH,,4
1,54,477 SYNTH-VOICE 1,,4
36,52,478 SYNTH-VOICE 2,,4
2,54,479 VOICE ENSEMBLE,,4
32,54,480 SYNTH-VOICE PAD,,4
32,89,481 WARM VOX,,4
32,91,482 SPACE CHOIR,,4
33,91,483 STAR VOICE,DSP,4
32,102,484 ECHO VOICE,,4
32,104,485 SITAR 1,,4
1,104,486 SITAR 2,,4
33,104,487 SITAR 3,,4
34,104,488 SITAR PAD,,4
2,104,489 TANPURA 1,,4
35,104,490 TANPURA 2,,4
32,20,491 HARMONIUM 1,,4
1,20,492 HARMONIUM 2,,4
1,15,493 SANTUR 1,,4
32,15,494 SANTUR 2,,4
10,105,495 SAROD 1,,4
41,105,496 SAROD 2,,4
8,110,497 SARANGI 1,,4
43,110,498 SARANGI 2,,4
36,104,499 VEENA 1,,4
37,104,500 VEENA 2,,4
1,111,501 SHANAI,,4
9,72,502 BANSURI,,4
8,111,503 PUNGI,,4
41,116,504 TABLA,,4
40,12,505 ANGKLUNG TREM.,,4
40,11,506 GENDER,,4
12,25,507 CAK,,4
40,24,508 CUK,,4
12,32,509 CELLO FINGERED,,3
40,46,510 SASANDO,,4
40,77,511 SHORT SULING,,4
41,77,512 SULING BAMBOO 1,,5
43,77,513 SALUANG,,4
42,77,514 SULING BAMBOO 2,,4
11,105,515 OUD 1,,4
42,105,516 OUD 2,,4
4,15,517 SAZ,,4
5,15,518 KANUN 1,,4
33,15,519 KANUN 2,,4
43,105,520 BOUZOUKI,,4
44,105,521 RABAB,,4
44,110,522 KEMENCHE,,4
10,72,523 NEY 1,,4
41,72,524 NEY 2,,4
9,111,525 ZURNA,,4
7,16,526 ARABIC ORGAN,,4
7,48,527 ARABIC STRINGS,,4
9,110,528 ER HU 1,,4
40,110,529 ER HU 2,,4
41,110,530 ER HU 3,,4
42,110,531 ER HU 4,,4
2,15,532 YANG QIN 1,,4
3,15,533 YANG QIN 2,,4
34,15,534 YANG QIN 3,,4
8,107,535 ZHENG 1,,4
40,107,536 ZHENG 2,,4
8,105,537 PI PA 1,,4
9,105,538 PI PA 2,,4
40,105,539 PI PA 3,,4
33,46,540 CHINESE HARP,,4
8,72,541 DI ZI 1,,4
40,72,542 DI ZI 2,,4
8,77,543 XIAO,,4
8,109,544 SHENG 1,,4
40,109,545 SHENG 2,,4
10,111,546 SUO NA 1,,4
32,111,547 SUO NA 2,DSP,4
38,104,548 CAVAQUINHO,,4
39,104,549 VIOLA CAIPIRA,,4
40,104,550 BERIMBAU,,4
40,116,551 PANDEIRO,,4
32,105,552 BANJO,,4
1,105,553 MUTE BANJO,,4
1,114,554 STEEL DRUMS,,4
32,110,555 FIDDLE 1,,4
32,106,556 SHAMISEN,,4
32,107,557 KOTO,,4
32,108,558 THUMB PIANO,,4
32,109,559 BAGPIPE,,4
33,110,560 FIDDLE 2,,4
0,0,561 GM PIANO 1,,4
0,1,562 GM PIANO 2,,4
0,2,563 GM ELEC.GRAND PIANO,,4
0,3,564 GM HONKY-TONK,,4
0,4,565 GM E.PIANO 1,,4
0,5,566 GM E.PIANO 2,,4
0,6,567 GM HARPSICHORD,,4
0,7,568 GM CLAVI,,4
0,8,569 GM CELESTA,,4
0,9,570 GM GLOCKENSPIEL,,4
0,10,571 GM MUSIC BOX,,4
0,11,572 GM VIBRAPHONE,,4
0,12,573 GM MARIMBA,,4
0,13,574 GM XYLOPHONE,,4
0,14,575 GM TUBULAR BELL,,4
0,15,576 GM DULCIMER,,4
0,16,577 GM ORGAN 1,,4
0,17,578 GM ORGAN 2,,4
0,18,579 GM ORGAN 3,,4
0,19,580 GM PIPE ORGAN,,4
0,20,581 GM REED ORGAN,,4
0,21,582 GM ACCORDION,,4
0,22,583 GM HARMONICA,,4
0,23,584 GM BANDONEON,,4
0,24,585 GM NYLON STR.GUITAR,,4
0,25,586 GM STEEL STR.GUITAR,,4
0,26,587 GM JAZZ GUITAR,,4
0,27,588 GM CLEAN GUITAR,,4
0,28,589 GM MUTE GUITAR,,4
0,29,590 GM OVERDRIVE GT,,4
0,30,591 GM DISTORTION GT,,4
0,31,592 GM GT HARMONICS,,4
0,32,593 GM ACOUSTIC BASS,,4
0,33,594 GM FINGERED BASS,,4
0,34,595 GM PICKED BASS,,4
0,35,596 GM FRETLESS BASS,,4
0,36,597 GM SLAP BASS 1,,4
0,37,598 GM SLAP BASS 2,,4
0,38,599 GM SYNTH-BASS 1,,4
0,39,600 GM SYNTH-BASS 2,,4
0,40,601 GM VIOLIN,,4
0,41,602 GM VIOLA,,4
0,42,603 GM CELLO,,4
0,43,604 GM CONTRABASS,,4
0,44,605 GM TREMOLO STRINGS,,4
0,45,606 GM PIZZICATO,,4
0,46,607 GM HARP,,4
0,47,608 GM TIMPANI,,4
0,48,609 GM STRINGS 1,,4
0,49,610 GM STRINGS 2,,4
0,50,611 GM SYNTH-STRINGS 1,,4
0,51,612 GM SYNTH-STRINGS 2,,4
0,52,613 GM CHOIR AAHS,,4
0,53,614 GM VOICE DOO,,4
0,54,615 GM SYNTH-VOICE,,4
0,55,616 GM ORCHESTRA HIT,,4
0,56,617 GM TRUMPET,,4
0,57,618 GM TROMBONE,,4
0,58,619 GM TUBA,,4
0,59,620 GM MUTE TRUMPET,,4
0,60,621 GM FRENCH HORN,,4
0,61,622 GM BRASS,,4
0,62,623 GM SYNTH-BRASS 1,,4
0,63,624 GM SYNTH-BRASS 2,,4
0,64,625 GM SOPRANO SAX,,4
0,65,626 GM ALTO SAX,,4
0,66,627 GM TENOR SAX,,4
0,67,628 GM BARITONE SAX,,4
0,68,629 GM OBOE,,4
0,69,630 GM ENGLISH HORN,,4
0,70,631 GM BASSOON,,4
0,71,632 GM CLARINET,,4
0,72,633 GM PICCOLO,,4
0,73,634 GM FLUTE,,4
0,74,635 GM RECORDER,,4
0,75,636 GM PAN FLUTE,,4
0,76,637 GM BOTTLE BLOW,,4
0,77,638 GM SHAKUHACHI,,4
0,78,639 GM WHISTLE,,4
0,79,640 GM OCARINA,,4
0,80,641 GM SQUARE LEAD,,4
0,81,642 GM SAW LEAD,,4
0,82,643 GM CALLIOPE,,4
0,83,644 GM CHIFF LEAD,,4
0,84,645 GM CHARANG,,4
0,85,646 GM VOICE LEAD,,4
0,86,647 GM FIFTH LEAD,,4
0,87,648 GM BASS+LEAD,,4
0,88,649 GM FANTASY,,4
0,89,650 GM WARM PAD,,4
0,90,651 GM POLYSYNTH,,4
0,91,652 GM SPACE CHOIR,,4
0,92,653 GM BOWED GLASS,,4
0,93,654 GM METAL PAD,,4
0,94,655 GM HALO PAD,,4
0,95,656 GM SWEEP PAD,,4
0,96,657 GM RAIN DROP,,4
0,97,658 GM SOUND TRACK,,4
0,98,659 GM CRYSTAL,,4
0,99,660 GM ATMOSPHERE,,4
0,100,661 GM BRIGHTNESS,,4
0,101,662 GM GOBLINS,,4
0,102,663 GM ECHOES,,4
0,103,664 GM SF,,4
0,104,665 GM SITAR,,4
0,105,666 GM BANJO,,4
0,106,667 GM SHAMISEN,,4
0,107,668 GM KOTO,,4
0,108,669 GM THUMB PIANO,,4
0,109,670 GM BAGPIPE,,4
0,110,671 GM FIDDLE,,4
0,111,672 GM SHANAI,,4
0,112,673 GM TINKLE BELL,,4
0,113,674 GM AGOGO,,4
0,114,675 GM STEEL DRUMS,,4
0,115,676 GM WOOD BLOCK,,4
0,116,677 GM TAIKO,,4
0,117,678 GM MELODIC TOM,,4
0,118,679 GM SYNTH-DRUM,,4
0,119,680 GM REVERSE CYMBAL,,4
0,120,681 GM GT FRET NOISE,,4
0,121,682 GM BREATH NOISE,,4
0,122,683 GM SEASHORE,,4
0,123,684 GM BIRD,,4
0,124,685 GM TELEPHONE,,4
0,125,686 GM HELICOPTER,,4
0,126,687 GM APPLAUSE,,4
0,127,688 GM GUNSHOT,,4
80,0,689 EX PIANO,,4
80,1,690 EX HONKY TONK PIANO,,4
80,2,691 EX HARPSICHORD,,4
80,3,692 EX ELECTRIC PIANO,,4
80,4,693 EX CLAVI.,,4
80,5,694 EX WAH CLAVI.,DSP,4
80,6,695 EX VIBES,DSP,4
80,7,696 EX CELESTA,,5
80,8,697 EX MARIMBA,,4
80,9,698 EX XYLOPHONE,,4
80,10,699 EX ORGAN,DSP,4
80,11,700 EX JAZZ ORGAN,DSP,4
80,12,701 EX THEATRE ORGAN,,4
80,13,702 EX ACCORDION,,4
80,14,703 EX MUSETTE ACCORDION,,4
80,15,704 EX HARMONICA,,4
80,16,705 EX GUITAR,,3
80,17,706 EX CLASSICAL GUITAR,,3
80,18,707 EX ACOUSTIC GUITAR,,3
80,19,708 EX FOLK GUITAR,,3
80,20,709 EX JAZZ GUITAR,,3
80,21,710 EX ELECTRIC GUITAR,,3
80,22,711 EX LEAD GUITAR,,3
80,23,712 EX MANDOLIN,,4
80,24,713 EX BASS,,3
80,25,714 EX STRINGS,,4
80,26,715 EX SLOW STRINGS,,4
80,27,716 EX MARCATO STRINGS,,4
80,28,717 EX TREM. STRINGS,,4
80,29,718 EX PIZZ.STRINGS (PIZZ STRINGS),,4
80,30,719 EX ORCHESTRAL,,4
80,31,720 EX VIOLIN,,4
80,32,721 EX CELLO,,3
80,33,722 EX HARP,,4
80,34,723 EX BRASS,,4
80,35,724 EX BRASS ENSEMBLE,,4
80,36,725 EX BRASS SECTION,,4
80,37,726 EX TRUMPET,,4
80,38,727 EX TROMBONE,,3
80,39,728 EX HORN,,4
80,40,729 EX HORNS,,4
80,41,730 EX SOPRANO SAX,,4
80,42,731 EX ALTO SAXOPHONE (ALTO SAX),DSP,4
80,43,732 EX TENOR SAXOPHONE (TENOR SAX),DSP,3
80,44,733 EX SAXOPHONE,,4
80,45,734 EX SAX. [S.SAX],,4
80,46,735 EX SAX [T.SAX],,4
80,47,736 EX SAX ENS.,DSP,4
80,48,737 EX SAX. SECTION,DSP,4
80,49,738 EX OBOE,,4
80,50,739 EX BASSOON,,3
80,51,740 EX CLARINET,,4
80,52,741 EX PICCOLO,,5
80,53,742 EX FLUTE,,4
80,54,743 EX PAN FLUTE,,4
80,55,744 EX WHISTLE,,4
80,56,745 EX WOODWIND,,4
80,57,746 EX SYNTH,,4
80,58,747 EX LEAD,,4
80,59,748 EX SYNTH LEAD,,4
80,60,749 EX SQUARE LEAD,,4
80,61,750 EX SAW LEAD,DSP,4
80,62,751 EX HIP LEAD,,5
80,63,752 EX HOP LEAD,,5
80,64,753 EX POP LEAD,,4
80,65,754 EX FIRE WIRE,,4
80,66,755 EX WIRE LEAD,,4
80,67,756 EX PAD,,4
80,68,757 EX FANTASIA,DSP,4
80,69,758 EX XENON PAD,DSP,4
80,70,759 EX CHOIR,,4
80,71,760 EX SITAR,,3
80,72,761 EX BANJO,,3
80,73,762 EX FIDDLE,,4
80,74,763 EX STEEL DRUMS,,4
120,75,764 EX STANDARD KIT,,4
120,0,765 STANDARD SET 1,,4
120,1,766 STANDARD SET 2,,4
120,2,767 STANDARD SET 3,,4
120,3,768 STANDARD SET 4,,4
120,4,769 STANDARD SET 5,,4
120,26,770 DANCE SET 1,,4
120,27,771 DANCE SET 2,,4
120,28,772 DANCE SET 3,,4
120,29,773 DANCE SET 4,,4
120,34,774 DANCE SET 5,,4
120,35,775 DANCE SET 6,,4
120,31,776 TRANCE SET,,4
120,9,777 HIP-HOP SET,,4
120,8,778 ROOM SET,,4
120,16,779 POWER SET,,4
120,17,780 ROCK SET,,4
120,24,781 ELECTRONIC SET,,4
120,25,782 DRUM MACHINE SET 1,,4
120,30,783 DRUM MACHINE SET 2,,4
120,33,784 DRUM MACHINE SET 3,,4
120,32,785 JAZZ SET,,4
120,40,786 BRUSH SET,,4
120,48,787 ORCHESTRA SET,,4
120,49,788 LATIN SET 1,,4
120,50,789 LATIN SET 2,,4
120,53,790 INDONESIAN SET,,4
120,54,791 INDIAN SET,,4
120,52,792 ARABIC SET,,4
120,51,793 CHINESE SET,,4
120,60,794 SFX SET 1,,4
120,61,795 SFX SET 2,,4
120,64,796 SNARE SET 1,,4
120,65,797 SNARE SET 2,,4
120,66,798 KICK SET,,4
120,67,799 CYMBAL SET,,4
120,68,800 TOM SET,,4
41,104,--- SITAR 2 INDIAN,DSP,4
36,20,--- HARMONIUM 3,,4
44,104,--- VEENA 3,,4
45,104,--- VEENA PAD,DSP,4
48,29,--- BULBUL TARANG 1,,4
49,29,--- BULBUL TARANG 2,DSP,4
35,15,--- SANTUR 2 INDIAN,,4
45,105,--- SAROD 2 INDIAN,,4
34,110,--- SARANGI 2 INDIAN,DSP,4
35,110,--- SARANGI PAD,DSP,4
36,110,--- ESRAJ 1,DSP,4
37,110,--- ESRAJ 2,DSP,4
36,15,--- SWARMANDAL 1,DSP,4
37,15,--- SWARMANDAL 2,DSP,4
33,111,--- SHANAI 2,,4
34,72,--- BANSURI 1,,4
35,111,--- PUNGI 2,DSP,4
34,20,--- SHRUTI BOX 1,DSP,3
35,20,--- SHRUTI BOX 2,DSP,3
32,112,--- JAL TARANG 1,,5
33,112,--- JAL TARANG 2,DSP,5
32,116,--- TABLA TARANG,,4
120,57,--- INDIAN SET 1,,4
120,58,--- INDIAN SET 2,,4
120,59,--- INDIAN SET 3,,4
